{"cameraMode":{"drawMode":0,"name":"Shaded","section":"Shading Mode"},"sceneLighting":false,"audioPlay":false,"sceneViewState":{"showFog":true,"showMaterialUpdate":false,"showSkybox":false,"showFlares":true,"showImageEffects":true,"showParticleSystems":true},"in2DMode":false,"pivot":{"x":-0.9461460113525391,"y":1.0424747467041016,"z":-22.229999542236329},"rotation":{"x":0.20383675396442414,"y":-0.7448506355285645,"z":0.2627936601638794,"w":0.5786356925964356},"size":27.479490280151368,"orthographic":false}