{"cameraMode":{"drawMode":0,"name":"Shaded","section":"Shading Mode"},"sceneLighting":false,"audioPlay":false,"sceneViewState":{"showFog":true,"showMaterialUpdate":false,"showSkybox":false,"showFlares":true,"showImageEffects":true,"showParticleSystems":true},"in2DMode":false,"pivot":{"x":-31.769617080688478,"y":29.57973861694336,"z":-17.572364807128908},"rotation":{"x":-0.2072947472333908,"y":-0.22061008214950562,"z":0.0484551377594471,"w":-0.9519776701927185},"size":8.808589935302735,"orthographic":false}