{"cameraMode":{"drawMode":0,"name":"Shaded","section":"Shading Mode"},"sceneLighting":false,"audioPlay":false,"sceneViewState":{"showFog":true,"showMaterialUpdate":false,"showSkybox":false,"showFlares":true,"showImageEffects":true,"showParticleSystems":true},"in2DMode":false,"pivot":{"x":-1.6887363195419312,"y":0.24766504764556886,"z":-3.76231050491333},"rotation":{"x":-0.028562497347593309,"y":0.9685229063034058,"z":-0.20947472751140595,"w":-0.13221019506454469},"size":8.808589935302735,"orthographic":false}