{"cameraMode":{"drawMode":0,"name":"Shaded","section":"Shading Mode"},"sceneLighting":false,"audioPlay":false,"sceneViewState":{"showFog":true,"showMaterialUpdate":false,"showSkybox":false,"showFlares":true,"showImageEffects":true,"showParticleSystems":true},"in2DMode":false,"pivot":{"x":6.487430572509766,"y":6.725761413574219,"z":1.61161208152771},"rotation":{"x":0.05435894802212715,"y":0.9441264867782593,"z":-0.21099764108657838,"w":0.24826547503471375},"size":22.0,"orthographic":false}